id;titre_cas;risk_level_aiact;Q3;Q10;Q55;risk_article;risk_justification
FR-INT-01;Reconnaissance d'émotions au travail;interdit;Une PME de services installe un système qui analyse en continu, via la webcam des postes, les expressions faciales des salariés pour mesurer leur engagement. Le flux vidéo est traité en permanence, sans finalité de sécurité et sans consentement explicite des personnes filmées.;oui;oui;Art.5(1)(f);Reconnaissance des émotions sur le lieu de travail = pratique interdite (Art.5(1)(f)).
FR-INT-02;Ciblage exploitant une vulnérabilité;interdit;Un courtier en assurance cible des personnes âgées isolées avec des messages conçus pour exploiter leur vulnérabilité et les pousser à souscrire une assurance. Le système repère les profils les plus influençables à partir de données socio-démographiques et de signaux d'isolement.;oui;non;Art.5(1)(b);Exploitation de la vulnérabilité liée à l'âge/situation = pratique interdite (Art.5(1)(b)).
FR-INT-03;Catégorisation biométrique (origine);interdit;Une enseigne de retail infère l'origine ethnique présumée des clients à partir de leur visage, capté par des caméras en magasin, afin de personnaliser les offres. Le traitement repose sur des données biométriques.;oui;oui;Art.5(1)(g);Catégorisation biométrique de caractéristiques protégées (origine) = interdit (Art.5(1)(g)).
FR-HR-01;Scoring de crédit à la consommation;haut_risque;Un établissement de crédit décide automatiquement l'octroi ou le refus d'un crédit à la consommation. La décision s'appuie sur les revenus, l'historique bancaire et des données comportementales, et s'applique directement aux personnes.;oui;non;Art.6 + Annexe III §5(b);Accès aux services essentiels / crédit (Annexe III §5) + décision automatisée sur personnes = haut risque.
FR-HR-02;Tri des dossiers d'admission (formation);haut_risque;Un organisme de formation classe et présélectionne automatiquement les dossiers de candidature, à partir des dossiers scolaires et des lettres de motivation. Le classement oriente l'admission des candidats.;oui;non;Art.6 + Annexe III §3;Éducation / accès à la formation (Annexe III §3) + influence sur l'admission = haut risque.
FR-HR-03;Aide au diagnostic médical (imagerie);haut_risque;Un cabinet d'imagerie utilise un système d'aide au diagnostic à partir d'images radiologiques et du dossier patient. Les résultats orientent la décision médicale concernant des personnes.;oui;oui;Art.6(1) + Annexe I (dispositif médical / composant de sécurité);Composant de sécurité d'un dispositif médical réglementé (Annexe I). Reclassé depuis Annexe III.
FR-LIM-01;IA générative de descriptions produits;limite;Un site e-commerce génère automatiquement les descriptions de ses produits à partir de son catalogue. Le contenu est publié tel quel, sans mention systématique de son origine artificielle. Aucune donnée personnelle ni décision sur des personnes.;non;non;Art.50;"Contenu généré par IA ? obligation de transparence (Art.50) ; pas d'usage Annexe III ? risque limité."
FR-LIM-02;Chatbot RH interne (info);limite;Une PME met à disposition de ses salariés un chatbot interne répondant aux questions sur les congés et la paie, à partir de la FAQ RH et de la convention collective. Il ne prend aucune décision et n'indique pas toujours qu'il s'agit d'une IA.;oui;non;Art.50;"Interaction IA-personne sans décision lourde ? transparence (Art.50) ; risque limité."
FR-LIM-03;Synthèse vocale / deepfake (marketing);limite;Une agence de communication produit des voix de synthèse imitant une personne réelle pour des vidéos marketing, à partir d'échantillons de voix et de scripts. Le caractère artificiel de la voix n'est pas systématiquement signalé au public.;oui;oui;Art.50(4);"Contenu artificiellement manipulé (deepfake) ? obligation de signalement (Art.50(4)) ; risque limité."
FR-MIN-01;Filtre anti-spam;minimal;Un outil filtre les emails indésirables (spam) à partir des messages entrants. Il n'a pas d'impact décisionnel sur des personnes et se limite au classement technique des messages.;oui;non;—;Pas d'usage sensible ni de décision sur personnes ? risque minimal.
FR-MIN-02;Recommandation de produits;minimal;Un site e-commerce suggère des produits complémentaires (« vous aimerez aussi ») à partir de l'historique d'achats agrégé et anonymisé, sans profilage de données sensibles ni décision sur les personnes.;non;non;—;Recommandation sans profilage sensible ni décision ? risque minimal (vérifier RGPD si profilage).
FR-MIN-03;Optimisation des tournées de livraison;minimal;Un transporteur optimise ses tournées de livraison (itinéraires) à partir des adresses, contraintes horaires et du trafic. Aucune donnée personnelle sensible, aucune décision sur des personnes.;non;non;—;Optimisation logistique sans impact sur des personnes ? risque minimal.
JURY-RH-HR-01;Scoring de candidats à l'embauche;haut_risque;Une PME de services (120 salariés) trie et note automatiquement les candidats à l'embauche et classe les CV par score de pertinence, à partir des CV, lettres de motivation et de huit ans d'historique RH. Aucune relecture humaine n'est prévue avant l'envoi des résultats, le système ne renvoie qu'un score sans explication, et aucun audit de biais n'a été mené.;oui;non;Art.6 + Annexe III §4 (emploi);Emploi/RH (Annexe III §4) + décision automatisée = haut risque forcé (override).
JURY-CHAT-LIM-01;Chatbot SAV (commerce);limite;Un commerce de détail déploie un chatbot qui répond aux questions courantes des clients sur les horaires, les produits et le suivi de commande, à partir des messages clients et d'une base produits. Il ne prend aucune décision sur les personnes et n'indique pas toujours qu'il s'agit d'une IA.;oui;non;Art.50;"Pas de décision lourde ? transparence (Art.50) ; risque limité, zone grise (avis humain recommandé)."
JURY-FID-INT-01;Notation sociale déguisée (fidélité);interdit;Une enseigne de grande distribution attribue un « score citoyen/fidélité » aux clients d'après leur comportement (achats, activité en ligne, paiements, géolocalisation) et restreint l'accès à certains services aux profils mal notés.;oui;non;Art.5(1)(c);Score comportemental général conditionnant l'accès à des services = notation sociale interdite (Art.5(1)(c)), malgré l'habillage « fidélité ».
JURY-DB-NA-01;Base de données clients (pas d'IA);hors_champ;Une PME stocke et interroge ses fiches clients via une base de données relationnelle classique (requêtes SQL). Il n'y a ni apprentissage ni décision automatisée : ce n'est pas un système d'IA.;oui;non;Hors champ AI Act (pas un SIA) — RGPD applicable;Logiciel/base classique ? système d'IA ? hors champ AI Act (le RGPD reste applicable). Test anti faux positif.
FR-HR-A1-01;Freinage d'urgence automatique (véhicule);haut_risque;Un constructeur automobile équipe ses véhicules d'un système qui détecte les obstacles et déclenche automatiquement le freinage d'urgence. Une défaillance peut empêcher l'arrêt et provoquer un accident corporel.;non;non;Art.6(1) + Annexe I (composant de sécurité d'un véhicule);Composant de sécurité d'un produit réglementé : une panne met en danger la sécurité (Art.6(1), déf. Omnibus).
FR-HR-A1-02;Dosage automatique (dispositif médical);haut_risque;Un fabricant intègre à une pompe à perfusion un système qui calcule et ajuste automatiquement la dose de médicament administrée au patient. Une erreur peut entraîner un surdosage dangereux.;oui;oui;Art.6(1) + Annexe I (dispositif médical);Composant de sécurité d'un dispositif médical réglementé : défaillance = danger vital.
FR-HR-A1-03;Arrêt d'urgence de machine (usine);haut_risque;Une usine installe sur ses presses un système qui détecte la présence d'une main dans la zone dangereuse et déclenche l'arrêt immédiat. Si le système faille, l'opérateur peut être gravement blessé.;non;non;Art.6(1) + Annexe I (sécurité des machines);Fonction de sécurité d'une machine : une panne met en danger la santé.
FR-MIN-A1-01;Maintenance prédictive (contre-exemple Annexe I);minimal;Une usine utilise un système qui prédit l'usure des pièces pour planifier la maintenance et réduire les coûts. Une erreur retarde une réparation mais ne met personne en danger immédiat.;non;non;Hors Annexe I — pas un composant de sécurité (Art.6 modifié Omnibus);Optimisation/efficacité sans danger direct -> PAS composant de sécurité (déf. Omnibus). Reste minimal.
FR-HR-A3-01;Contrôle d'accès par reconnaissance faciale;haut_risque;Une entreprise contrôle l'accès à ses locaux : chaque employé badge à l'entrée et le système confirme par reconnaissance faciale qu'il est bien le titulaire du badge. Le système s'appuie sur des données biométriques.;oui;oui;Art.6 + Annexe III §1 (biométrie);Identification biométrique = haut risque Annexe III §1 (hors cas interdit temps réel espace public).
FR-HR-A3-02;Pilotage du réseau d'eau potable;haut_risque;Un opérateur d'eau utilise une IA pour piloter en temps réel la distribution et la pression du réseau d'eau potable d'une ville.;non;non;Art.6 + Annexe III §2 (infrastructures critiques);Gestion et exploitation d'une infrastructure critique = Annexe III §2.
FR-HR-A3-03;Tarification d'assurance-vie;haut_risque;Un assureur détermine automatiquement le tarif et l'acceptation d'un contrat d'assurance-vie à partir des données de santé déclarées par le client.;oui;oui;Art.6 + Annexe III §5 (assurance-vie et santé);Éligibilité et tarification d'assurance-vie/santé = Annexe III §5.
FR-HR-A3-04;Évaluation de demande de visa;haut_risque;Une administration utilise une IA pour évaluer le risque associé à une demande de visa à partir du dossier du demandeur.;oui;oui;Art.6 + Annexe III §7 (migration / asile);Évaluation de demandes dans le domaine migration/asile = Annexe III §7.
FR-HR-A3-05;Évaluation du risque de récidive;haut_risque;Un tribunal utilise un outil qui assiste le juge en évaluant le risque de récidive d'un prévenu à partir de son dossier judiciaire.;oui;oui;Art.6 + Annexe III §8 (administration de la justice);Aide à la décision judiciaire = Annexe III §8.
FR-HR-A3-06;Évaluation de preuves (police);haut_risque;Une police municipale utilise une IA pour évaluer la fiabilité d'éléments de preuve dans le cadre d'une enquête.;oui;oui;Art.6 + Annexe III §6 (répression pénale);Évaluation de preuves par les forces de l'ordre = Annexe III §6.
TRN-HR-01;Identification a posteriori de fraudeurs en gare;haut_risque;Un opérateur de transport identifie a posteriori, sur enregistrements vidéo, des voyageurs ayant fraudé, par comparaison à une base interne. Traitement en temps différé, à des fins de recouvrement commercial et non répressives.;oui;oui;Art.6(2) + Annexe III §1(a) (identification biométrique à distance);Identification biométrique à distance (1:N) = haut risque Annexe III §1(a). Distinct de la simple vérification 1:1 (exclue).
TRN-HR-02;Pilotage du réseau électrique régional;haut_risque;Un gestionnaire de réseau pilote en temps réel l'équilibrage de la distribution électrique d'une région. L'analyse repose sur les données réseau en temps réel.;non;non;Art.6(2) + Annexe III §2 (infrastructure critique);Composant de sécurité dans la gestion/exploitation d'une infrastructure critique = Annexe III §2.
TRN-HR-03;Présélection des candidats à un master;haut_risque;Une université présélectionne automatiquement les candidats à un master à partir des dossiers scolaires. Le système s'appuie sur les dossiers scolaires.;oui;non;Art.6(2) + Annexe III §3(a) (éducation - accès/admission);Système déterminant l'accès/l'admission à une formation = Annexe III §3(a).
TRN-HR-04;Notation automatique de copies d'examen;haut_risque;Un organisme note automatiquement les copies d'examen à partir du texte des réponses. Le système s'appuie sur les copies d'examen.;oui;non;Art.6(2) + Annexe III §3(b) (éducation - évaluation des résultats);Évaluation des résultats d'apprentissage = Annexe III §3(b).
TRN-HR-05;Surveillance d'un examen en ligne;haut_risque;Une plateforme surveille par IA le déroulé d'un examen en ligne pour détecter la triche. Il exploite le flux webcam de l'examen.;oui;non;Art.6(2) + Annexe III §3(d) (éducation - surveillance d'examens);Détection de comportements interdits pendant un examen = Annexe III §3(d).
TRN-HR-06;Attribution des tâches et évaluation des livreurs;haut_risque;Une plateforme attribue automatiquement les courses et évalue la performance des livreurs. L'analyse repose sur les données RH et d'activité.;oui;non;Art.6(2) + Annexe III §4(b) (emploi - gestion, tâches, évaluation);Décisions sur les conditions de travail, promotion, tâches, évaluation/monitoring = Annexe III §4(b).
TRN-HR-07;Éligibilité automatique à une aide sociale;haut_risque;Un organisme social évalue automatiquement l'éligibilité d'un demandeur à une prestation. Il exploite des données administratives.;oui;non;Art.6(2) + Annexe III §5(a) (accès aux prestations sociales);Éligibilité aux prestations et services publics essentiels = Annexe III §5(a).
TRN-HR-08;Score d'octroi d'un crédit immobilier;haut_risque;Une banque décide automatiquement de l'octroi d'un crédit immobilier selon la solvabilité. L'analyse repose sur les revenus et l'historique bancaire.;oui;non;Art.6(2) + Annexe III §5(b) (solvabilité / score de crédit);Évaluation de la solvabilité / score de crédit (hors détection de fraude) = Annexe III §5(b).
TRN-HR-09;Tarification d'une complémentaire santé;haut_risque;Un assureur fixe automatiquement le tarif d'une complémentaire santé selon les données déclarées. L'analyse repose sur les données de santé déclarées.;oui;oui;Art.6(2) + Annexe III §5(c) (assurance vie et santé);Évaluation des risques et tarification en assurance-vie et santé = Annexe III §5(c).
TRN-HR-10;Priorisation des appels au SAMU;haut_risque;Un centre de régulation priorise automatiquement les appels d'urgence selon la gravité. L'analyse repose sur les appels et symptômes décrits.;oui;oui;Art.6(2) + Annexe III §5(d) (secours d'urgence / triage);Dispatch et triage des secours d'urgence = Annexe III §5(d).
TRN-HR-11;Évaluation de la fiabilité d'indices;haut_risque;Une police évalue automatiquement la fiabilité d'éléments de preuve dans une enquête. Le système s'appuie sur les éléments d'enquête.;oui;non;Art.6(2) + Annexe III §6(c) (répression pénale - fiabilité des preuves);Évaluation de la fiabilité des éléments de preuve = Annexe III §6(c).
TRN-HR-12;Score de risque de récidive (pénitentiaire);haut_risque;L'administration pénitentiaire évalue le risque de récidive d'un détenu à partir de son dossier. L'analyse repose sur le dossier judiciaire.;oui;oui;Art.6(2) + Annexe III §6(d) (répression pénale - risque de récidive);Évaluation du risque de récidive d'un détenu par l'administration pénitentiaire à partir de son DOSSIER (Art.6(2) + Annexe III §6(d)). L'exclusion du §6(d) ('sans se fonder uniquement sur le profilage') NE s'applique PAS : le système s'appuie sur le dossier (des faits), pas uniquement sur du profilage. Haut risque. (À noter : un système fondé UNIQUEMENT sur le profilage basculerait en INTERDIT, Art.5(1)(d).)
TRN-HR-13;Évaluation du risque de victimisation;haut_risque;Un service évalue le risque qu'une personne devienne victime d'un délit. Le système s'appuie sur les signalements reçus.;oui;non;Art.6(2) + Annexe III §6(a) (répression pénale - risque de victimisation);Évaluation du risque qu'une personne soit victime d'une infraction = Annexe III §6(a).
TRN-HR-14;Instruction automatisée d'un titre de séjour;haut_risque;Une administration instruit automatiquement les demandes de titre de séjour. Il exploite le dossier de demande.;oui;oui;Art.6(2) + Annexe III §7(c) (migration - examen des demandes);Examen des demandes d'asile, de visa et de titre de séjour = Annexe III §7(c).
TRN-HR-15;Assistance du juge à la recherche de jurisprudence;haut_risque;Un outil assiste le juge en recherchant et interprétant la jurisprudence applicable à un litige. L'analyse repose sur les dossiers juridiques.;oui;non;Art.6(2) + Annexe III §8(a) (administration de la justice);Assistance à une autorité judiciaire pour rechercher/interpréter les faits et le droit = Annexe III §8(a).
TRN-HR-16;Arrêt d'urgence d'une presse industrielle;haut_risque;Un fabricant intègre à ses presses un système qui détecte une main dans la zone dangereuse et déclenche l'arrêt. Le système s'appuie sur les capteurs de la machine.;non;non;Art.6(1) + Annexe I point 1 (Machines 2006/42 ? 2023/1230);Composant de sécurité d'une machine : une défaillance met en danger la santé (Art.6(1), Annexe I point 1). Art.6(1) exige DEUX conditions CUMULATIVES : (a) composant de securite / produit de l'Annexe I ET (b) evaluation de conformite PAR UN TIERS -- ici remplie : machines relevant de l'annexe IV de la directive Machines (organisme notifié).
TRN-HR-17;Aide au diagnostic dermatologique;haut_risque;Un logiciel analyse des photos de lésions cutanées pour orienter le diagnostic du médecin. Le système s'appuie sur les images et signaux médicaux.;oui;oui;Art.6(1) + Annexe I point 11 (Dispositifs médicaux, MDR 2017/745);Dispositif médical au sens du règlement MDR (UE) 2017/745 : produit couvert par la législation d'harmonisation de l'Annexe I, point 11. En tant que composant de sécurité / produit soumis à une évaluation de conformité par un tiers (organisme notifié selon la classe du dispositif) ? haut risque au titre de l'Art. 6(1). (Correction : ce n'est PAS la directive Machines.)
TRN-HR-18;Analyse automatique de tests sanguins;haut_risque;Un automate de laboratoire interprète automatiquement les résultats d'analyses sanguines. Le système s'appuie sur les résultats d'analyses.;oui;oui;Art.6(1) + Annexe I point 12 (Dispositifs médicaux in vitro, IVDR 2017/746);Dispositif médical de diagnostic in vitro au sens du règlement IVDR (UE) 2017/746 : produit couvert par l'Annexe I, point 12. Composant de sécurité / produit soumis à évaluation de conformité par un tiers ? haut risque au titre de l'Art. 6(1). (Correction : ce n'est PAS la directive Machines.)
TRN-HR-19;Commande de sécurité d'ascenseur;haut_risque;Un système gère l'arrêt d'urgence et la sécurité de fonctionnement d'un ascenseur. L'analyse repose sur les capteurs de l'ascenseur.;non;non;Art.6(1) + Annexe I point 4 (Ascenseurs, 2014/33);Composant de sécurité d'un ascenseur = Art.6(1) + Annexe I point 4. Art.6(1) exige DEUX conditions CUMULATIVES : (a) composant de securite / produit de l'Annexe I ET (b) evaluation de conformite PAR UN TIERS -- ici remplie : ascenseurs (intervention obligatoire d'un organisme notifié).
TRN-HR-20;Détecteur de chute intégré à un EPI;haut_risque;Un EPI connecté détecte une chute et déclenche automatiquement une alerte de secours. Il exploite les capteurs de l'EPI.;oui;non;Art.6(1) + Annexe I point 9 (EPI, 2016/425);Composant de sécurité d'un équipement de protection individuelle = Art.6(1) + Annexe I point 9. Art.6(1) exige DEUX conditions CUMULATIVES : (a) composant de securite / produit de l'Annexe I ET (b) evaluation de conformite PAR UN TIERS -- ici remplie : EPI de catégorie III (organisme notifié).
TRN-HR-21;Coupure de sécurité d'une chaudière gaz;haut_risque;Un fabricant intègre une fonction coupant le gaz en cas de fuite détectée. Le système s'appuie sur les capteurs de gaz.;non;non;Art.6(1) + Annexe I point 10 (Appareils à gaz, 2016/426);Fonction de sécurité d'un appareil à gaz couvert par le règlement (UE) 2016/426 (Annexe I, point 10). Produit soumis à évaluation de conformité par un tiers ? haut risque au titre de l'Art. 6(1). (Correction : ce n'est PAS la directive Machines.)
TRN-HR-22;Régulation automatique du trafic routier;haut_risque;Une métropole régule automatiquement les feux et le trafic routier à partir des capteurs de circulation. Il exploite les données réseau en temps réel.;non;non;Art.6(2) + Annexe III §2 (infrastructure critique);Composant de sécurité dans la gestion/exploitation d'une infrastructure critique = Annexe III §2.
TRN-HR-23;Attribution des places en crèche;haut_risque;Une commune attribue automatiquement les places en crèche selon un dossier de demande (situation familiale, revenus, priorités). Le système s'appuie sur les données du dossier de demande.;oui;non;Art.6(2) + Annexe III §5(a) (accès aux services publics et prestations essentiels);Attribution d'une place en crèche par une collectivité = accès à un service public / une prestation essentielle ? Annexe III §5(a) (et non §3(a) éducation : une crèche n'est pas un établissement d'enseignement). Haut risque (Art.6(2)).
TRN-HR-24;Évaluation continue des acquis en ligne;haut_risque;Une plateforme évalue en continu les acquis d'apprentissage des apprenants. L'analyse repose sur les copies d'examen.;oui;non;Art.6(2) + Annexe III §3(b) (éducation - évaluation des résultats);Évaluation des résultats d'apprentissage = Annexe III §3(b).
TRN-HR-25;Détection de fraude aux prestations sociales;haut_risque;Un organisme cible automatiquement les dossiers de prestations à contrôler. Le système s'appuie sur des données administratives.;oui;non;Art.6(2) + Annexe III §5(a) (accès aux prestations sociales);Éligibilité aux prestations et services publics essentiels = Annexe III §5(a).
TRN-HR-26;Décision automatisée de prêt professionnel;minimal;Un établissement accorde ou refuse automatiquement un prêt à une entreprise (personne morale), à partir de ses comptes et de son historique bancaire.;oui;non;Hors Annexe III §5(b) : ce point ne vise que l'évaluation de la solvabilité des PERSONNES PHYSIQUES. Un prêt à une entreprise = personne morale ? hors §5(b), aucun autre usage listé ? risque minimal (a contrario).;Évaluation de solvabilité d'une PERSONNE MORALE (entreprise). L'Annexe III §5(b) est limité aux personnes physiques ? le cas en sort ? minimal. (Un prêt au même objet mais à un entrepreneur individuel = personne physique basculerait, lui, en haut risque §5(b).)
TRN-HR-27;Acceptation d'un contrat d'assurance-vie;haut_risque;Un assureur accepte ou refuse automatiquement un contrat d'assurance-vie. Il exploite les données de santé déclarées.;oui;oui;Art.6(2) + Annexe III §5(c) (assurance vie et santé);Évaluation des risques et tarification en assurance-vie et santé = Annexe III §5(c).
TRN-HR-28;Triage des urgences hospitalières;haut_risque;Un hôpital trie automatiquement les patients aux urgences selon un score de gravité. Il exploite les appels et symptômes décrits.;oui;oui;Art.6(2) + Annexe III §5(d) (secours d'urgence / triage);Dispatch et triage des secours d'urgence = Annexe III §5(d).
TRN-HR-29;Évaluation du risque à la frontière;haut_risque;Une autorité évalue le risque sécuritaire d'un voyageur à la frontière. L'analyse repose sur le dossier au poste frontière.;oui;oui;Art.6(2) + Annexe III §7(b) (migration - évaluation des risques);Évaluation des risques (sécurité, migration irrégulière, santé) posés par une personne = Annexe III §7(b).
TRN-HR-30;Sécurité d'un robot collaboratif;haut_risque;Un système arrête un cobot dès qu'il détecte un opérateur trop proche. L'analyse repose sur les capteurs de la machine.;non;non;Art.6(1) + Annexe I point 1 (Machines 2006/42 ? 2023/1230);Composant de sécurité d'une machine : une défaillance met en danger la santé (Art.6(1), Annexe I point 1). Art.6(1) exige DEUX conditions CUMULATIVES : (a) composant de securite / produit de l'Annexe I ET (b) evaluation de conformite PAR UN TIERS -- ici remplie : machines relevant de l'annexe IV de la directive Machines (organisme notifié).
TRN-HR-31;Calcul de dose d'un pousse-seringue;haut_risque;Un système calcule et ajuste la dose délivrée par un pousse-seringue au patient. L'analyse repose sur les images et signaux médicaux.;oui;oui;Art.6(1) + Annexe I point 11 (Dispositifs médicaux, MDR 2017/745);Dispositif médical au sens du règlement MDR (UE) 2017/745 : produit couvert par la législation d'harmonisation de l'Annexe I, point 11. En tant que composant de sécurité / produit soumis à une évaluation de conformité par un tiers (organisme notifié selon la classe du dispositif) ? haut risque au titre de l'Art. 6(1). (Correction : ce n'est PAS la directive Machines.)
TRN-HR-32;Freinage d'urgence automatique;haut_risque;Un constructeur équipe ses véhicules d'un système qui détecte un obstacle et déclenche le freinage. L'analyse repose sur les capteurs du véhicule.;non;non;Art.6(1) + Annexe I point 18 (Véhicules à moteur, 2018/858) — régime Art.2(2);"Système de sécurité d'un véhicule couvert par le règlement (UE) 2018/858 (Annexe I, point 18, Section B). Relève de l'Art. 6(1) ; l'Art. 2(2) de l'AI Act prévoit un régime allégé pour les produits de la Section B (conformité via le droit sectoriel automobile). ? haut risque. (Correction : ce n'est PAS la directive Machines ; 'Art.2(2)' = de l'AI Act.)"
TRN-HR-33;Commande de sécurité d'un monte-charge;haut_risque;Un fabricant intègre au monte-charge un système qui bloque le mouvement si les portes ne sont pas verrouillées. L'analyse repose sur les capteurs du monte-charge.;non;non;Art.6(1) + Annexe I point 4 (Ascenseurs, 2014/33);"Composant de sécurité d'un ascenseur (Annexe I point 4) ; les ascenseurs relèvent obligatoirement d'un organisme notifié -> Art.6(1)(b) rempli. Art.6(1) exige DEUX conditions CUMULATIVES : (a) composant de securite / produit de l'Annexe I ET (b) evaluation de conformite PAR UN TIERS -- ici remplie : ascenseurs (intervention obligatoire d'un organisme notifié)."
TRN-HR-34;Gestion de la pression du réseau de gaz;haut_risque;Un opérateur ajuste automatiquement la pression du réseau de gaz urbain selon la demande. Le système s'appuie sur les données réseau en temps réel.;non;non;Art.6(2) + Annexe III §2 (infrastructure critique);Composant de sécurité dans la gestion/exploitation d'une infrastructure critique = Annexe III §2.
TRN-HR-35;Orientation des élèves vers des filières;haut_risque;Un lycée oriente automatiquement les élèves vers des filières à partir de leurs résultats. Il exploite les dossiers scolaires.;oui;non;Art.6(2) + Annexe III §3(a) (éducation - accès/admission);Orientation automatique d'élèves vers des filières à partir de leurs résultats. L'Annexe III §3(a) vise à 'déterminer l'accès/l'admission OU AFFECTER des personnes' à des formations : orienter un élève vers une filière = l'affecter à un cursus ? §3(a). (Le niveau n'est de toute façon pas en jeu : orientation sur résultats relève de §3(a)/§3(b), tous deux haut risque.)
TRN-HR-36;Score de crédit pour un achat en plusieurs fois;haut_risque;Une fintech évalue la solvabilité pour accorder un paiement fractionné. Le système s'appuie sur les revenus et l'historique bancaire.;oui;non;Art.6(2) + Annexe III §5(b) (solvabilité / score de crédit);Évaluation de la solvabilité / score de crédit (hors détection de fraude) = Annexe III §5(b).
TRN-HR-37;Évaluation du risque santé pour une mutuelle;haut_risque;Une mutuelle évalue le risque santé d'un adhérent pour ajuster sa cotisation. Le système s'appuie sur les données de santé déclarées.;oui;oui;Art.6(2) + Annexe III §5(c) (assurance vie et santé);Évaluation des risques et tarification en assurance-vie et santé = Annexe III §5(c).
TRN-HR-38;Analyse de la crédibilité de témoignages;haut_risque;Un outil évalue la fiabilité de témoignages recueillis dans une enquête. L'analyse repose sur les éléments d'enquête.;oui;non;Art.6(2) + Annexe III §6(c) (fiabilité des preuves);Évaluation de la fiabilité des éléments de preuve = Annexe III §6(c).
TRN-HR-39;Sécurité d'une scie automatisée;haut_risque;Une menuiserie équipe sa scie d'un système qui bloque la lame en cas de détection de contact. Il exploite les capteurs de la machine.;non;non;Art.6(1) + Annexe I point 1 (Machines 2006/42 ? 2023/1230);Composant de sécurité d'une machine : une scie relève de la directive Machines 2006/42 et figure à son Annexe IV (contrôle par organisme notifié obligatoire). La condition d'évaluation par un tiers (Art.6(1)(b)) est donc remplie ? haut risque (Art.6(1)).
TRN-HR-40;Détection d'arythmie sur électrocardiographe;haut_risque;Un dispositif détecte automatiquement les arythmies sur le signal ECG. Il exploite les images et signaux médicaux.;oui;oui;Art.6(1) + Annexe I point 11 (Dispositifs médicaux, MDR 2017/745);Dispositif médical au sens du règlement MDR (UE) 2017/745 : produit couvert par la législation d'harmonisation de l'Annexe I, point 11. En tant que composant de sécurité / produit soumis à une évaluation de conformité par un tiers (organisme notifié selon la classe du dispositif) ? haut risque au titre de l'Art. 6(1). (Correction : ce n'est PAS la directive Machines.)
TRN-HR-41;Détection de somnolence du conducteur;haut_risque;Un système détecte la somnolence du conducteur et déclenche une alerte de sécurité. Il exploite les capteurs du véhicule.;oui;non;Art.6(1) + Annexe I point 18 (Véhicules à moteur, 2018/858) — régime Art.2(2);"Système de sécurité d'un véhicule couvert par le règlement (UE) 2018/858 (Annexe I, point 18, Section B). Relève de l'Art. 6(1) ; l'Art. 2(2) de l'AI Act prévoit un régime allégé pour les produits de la Section B (conformité via le droit sectoriel automobile). ? haut risque. (Correction : ce n'est PAS la directive Machines ; 'Art.2(2)' = de l'AI Act.)"
TRN-HR-42;Régulation de sécurité d'une chaudière;haut_risque;Un système régule la pression d'une chaudière industrielle et déclenche l'arrêt en cas de dépassement. Le système s'appuie sur les capteurs de pression.;non;non;Art.6(1) + Annexe I point 7 (Équipements sous pression, 2014/68);Composant de sécurité d'un équipement sous pression = Art.6(1) + Annexe I point 7. Art.6(1) exige DEUX conditions CUMULATIVES : (a) composant de securite / produit de l'Annexe I ET (b) evaluation de conformite PAR UN TIERS -- ici remplie : équipements sous pression de catégorie II et plus (organisme notifié).
TRN-HR-43;Aide à la décision de promotion;haut_risque;Un groupe s'appuie sur un score IA pour orienter les décisions de promotion interne. Il exploite les données RH et d'activité.;oui;non;Art.6(2) + Annexe III §4(b) (emploi - gestion, tâches, évaluation);Décisions sur les conditions de travail, promotion, tâches, évaluation/monitoring = Annexe III §4(b).
TRN-HR-44;Attribution automatique d'une bourse d'études;haut_risque;Un organisme attribue automatiquement des bourses aux demandeurs selon des critères appliqués au dossier de demande (revenus, situation familiale, résultats). Le système s'appuie sur les données du dossier de demande de bourse.;oui;non;Art.6(2) + Annexe III §5(a) (accès aux prestations);Éligibilité aux prestations et services publics essentiels = Annexe III §5(a).
TRN-HR-45;Décision de découvert autorisé;haut_risque;Une banque décide automatiquement du découvert autorisé selon la solvabilité. Il exploite les données financières.;oui;non;Art.6(2) + Annexe III §5(b) (solvabilité / crédit);Évaluation de la solvabilité = Annexe III §5(b).
TRN-HR-46;Sécurité d'un pont roulant automatisé;haut_risque;Un système arrête un pont roulant dès qu'une personne entre dans la zone de manœuvre. Il exploite les capteurs de la machine.;non;non;Art.6(1) + Annexe I point 1 (Machines 2006/42 ? 2023/1230);Composant de sécurité d'une machine = Art.6(1) + Annexe I point 1. Art.6(1) exige DEUX conditions CUMULATIVES : (a) composant de securite / produit de l'Annexe I ET (b) evaluation de conformite PAR UN TIERS -- ici remplie : machines relevant de l'annexe IV de la directive Machines (organisme notifié).
TRN-HR-47;Tri automatique des CV pour un poste industriel;haut_risque;Une entreprise trie et classe automatiquement les CV reçus pour un poste en production. Le système s'appuie sur les CV et lettres de motivation.;oui;non;Art.6(2) + Annexe III §4(a) (emploi - recrutement/sélection);Recrutement/sélection : diffusion d'offres, filtrage des candidatures, évaluation des candidats = Annexe III §4(a).
TRN-INT-01;Messages subliminaux poussant à l'achat;interdit;Une application diffuse des stimuli subliminaux pour pousser l'utilisateur à acheter sans qu'il en ait conscience. L'analyse repose sur des contenus personnalisés.;oui;non;Art.5(1)(a) (techniques subliminales/manipulatrices);Techniques subliminales ou manipulatrices altérant le comportement au préjudice de la personne = interdit (Art.5(1)(a)).
TRN-INT-02;Ciblage de personnes âgées isolées;interdit;Un courtier cible des personnes âgées isolées avec des messages exploitant leur vulnérabilité. L'analyse repose sur des profils vulnérables.;oui;non;Art.5(1)(b) (exploitation d'une vulnérabilité);Exploitation de la vulnérabilité liée à l'âge, au handicap ou à la situation socio-économique = interdit (Art.5(1)(b)).
TRN-INT-03;Score citoyen conditionnant l'accès aux services;interdit;Une enseigne attribue à ses clients un score de comportement global qui conditionne l'accès à certains services. Le score additionne des comportements observés dans des contextes différents (achats, navigation en ligne, présence en magasin), sans rapport avec les services auxquels il conditionne l'accès.;oui;non;Art.5(1)(c)(i) (notation sociale - contextes sans lien);Notation sociale entraînant un traitement défavorable dans des contextes sans lien avec la collecte = interdit (Art.5(1)(c)(i)).
TRN-INT-04;Restriction de services selon un score de civisme;interdit;Une collectivité restreint l'accès à des services selon un score de civisme disproportionné. Le système s'appuie sur l'historique comportemental.;oui;non;Art.5(1)(c)(ii) (notation sociale - traitement disproportionné);Notation sociale entraînant un traitement injustifié ou disproportionné = interdit (Art.5(1)(c)(ii)).
TRN-INT-05;Prédiction d'infraction sur profilage seul;interdit;Un outil prédit qu'une personne commettra un délit sur le seul fondement de son profil. Il exploite le profil individuel.;oui;oui;Art.5(1)(d) (police prédictive individuelle sur profilage seul);Prédiction du risque qu'une personne commette une infraction sur le seul fondement du profilage = interdit (Art.5(1)(d)).
TRN-INT-06;Moissonnage d'images faciales sur le web;interdit;Une société aspire massivement des visages sur internet pour constituer une base de reconnaissance. L'analyse repose sur des images web et de vidéosurveillance.;oui;oui;Art.5(1)(e) (moissonnage d'images faciales);Constitution/extension de bases de reconnaissance faciale par moissonnage non ciblé d'images = interdit (Art.5(1)(e)).
TRN-INT-07;Analyse des émotions des salariés;interdit;Un employeur analyse en continu les émotions des salariés via la webcam pour mesurer l'engagement. Le système s'appuie sur un flux vidéo et audio.;oui;oui;Art.5(1)(f) (reconnaissance des émotions au travail/à l'école);Reconnaissance des émotions sur le lieu de travail ou dans l'enseignement = interdit (Art.5(1)(f)), sauf raisons médicales/sécurité.
TRN-INT-08;Déduction de l'origine ethnique en magasin;interdit;Une enseigne infère l'origine ethnique présumée des clients pour personnaliser les offres. Le système s'appuie sur des images faciales.;oui;oui;Art.5(1)(g) (catégorisation biométrique de caractéristiques sensibles);Catégorisation biométrique déduisant des caractéristiques protégées (origine, opinions, orientation…) = interdit (Art.5(1)(g)).
TRN-INT-09;Reconnaissance faciale temps réel en rue;interdit;Une société déploie l'identification faciale en temps réel des passants dans la rue à des fins de sécurité. Le système s'appuie sur un flux de vidéosurveillance publique.;oui;oui;Art.5(1)(h) (identification biométrique temps réel dans l'espace public);Identification biométrique à distance en temps réel dans l'espace public à des fins répressives = interdit (Art.5(1)(h)), hors exceptions strictes.
TRN-INT-10;Interface manipulatrice (dark pattern IA);interdit;Un site adapte en continu son interface pour manipuler l'utilisateur vers un abonnement coûteux. Il exploite des contenus personnalisés.;oui;non;Art.5(1)(a) (techniques subliminales/manipulatrices);Techniques subliminales ou manipulatrices altérant le comportement au préjudice de la personne = interdit (Art.5(1)(a)).
TRN-INT-11;Exploitation de joueurs en difficulté;interdit;Une plateforme cible les joueurs vulnérables pour maximiser leurs dépenses. Il exploite des profils vulnérables.;oui;non;Art.5(1)(b) (exploitation d'une vulnérabilité);Exploitation de la vulnérabilité liée à l'âge, au handicap ou à la situation socio-économique = interdit (Art.5(1)(b)).
TRN-INT-12;Note de confiance transversale des clients;interdit;Une entreprise agrège les comportements en ligne pour attribuer une note de confiance générale. Il exploite des comportements agrégés.;oui;non;Art.5(1)(c)(i) (notation sociale - contextes sans lien);Notation sociale entraînant un traitement défavorable dans des contextes sans lien avec la collecte = interdit (Art.5(1)(c)(i)).
TRN-INT-13;Blacklist automatique disproportionnée;interdit;Un bailleur exclut automatiquement des locataires selon un score sans commune mesure avec les faits. L'analyse repose sur l'historique comportemental.;oui;non;Art.5(1)(c)(ii) (notation sociale - traitement disproportionné);Notation sociale entraînant un traitement injustifié ou disproportionné = interdit (Art.5(1)(c)(ii)).
TRN-INT-14;Score de dangerosité individuelle a priori;interdit;Un service attribue un score de dangerosité à des individus par simple profilage. Le système s'appuie sur le profil individuel.;oui;oui;Art.5(1)(d) (police prédictive individuelle sur profilage seul);Prédiction du risque qu'une personne commette une infraction sur le seul fondement du profilage = interdit (Art.5(1)(d)).
TRN-INT-15;Extraction de visages depuis la vidéosurveillance;interdit;Une entreprise extrait sans ciblage les visages des caméras pour étendre sa base faciale. Il exploite des images web et de vidéosurveillance.;oui;oui;Art.5(1)(e) (moissonnage d'images faciales);Constitution/extension de bases de reconnaissance faciale par moissonnage non ciblé d'images = interdit (Art.5(1)(e)).
TRN-INT-16;Détection de l'attention des élèves;interdit;Une école analyse les émotions des élèves en classe pour mesurer leur attention. L'analyse repose sur un flux vidéo et audio.;oui;oui;Art.5(1)(f) (reconnaissance des émotions au travail/à l'école);Reconnaissance des émotions sur le lieu de travail ou dans l'enseignement = interdit (Art.5(1)(f)), sauf raisons médicales/sécurité.
TRN-INT-17;Inférence de l'orientation sexuelle;interdit;Une plateforme déduit l'orientation sexuelle des utilisateurs à partir de données biométriques. L'analyse repose sur des images faciales.;oui;oui;Art.5(1)(g) (catégorisation biométrique de caractéristiques sensibles);Catégorisation biométrique déduisant des caractéristiques protégées (origine, opinions, orientation…) = interdit (Art.5(1)(g)).
TRN-INT-18;Identification en temps réel à un concert;interdit;Une police municipale identifie en temps réel les personnes présentes dans l'espace public à l'entrée d'un concert, à des fins de maintien de l'ordre. L'analyse repose sur un flux de vidéosurveillance publique.;oui;oui;Art.5(1)(h) (identification biométrique temps réel dans l'espace public);Identification biométrique à distance en temps réel dans l'espace public à des fins répressives = interdit (Art.5(1)(h)), hors exceptions strictes.
TRN-INT-19;Nudge caché vers un crédit;interdit;Une appli oriente insidieusement l'utilisateur vers un crédit par des messages manipulateurs. Le système s'appuie sur des contenus personnalisés.;oui;non;Art.5(1)(a) (techniques subliminales/manipulatrices);Techniques subliminales ou manipulatrices altérant le comportement au préjudice de la personne = interdit (Art.5(1)(a)).
TRN-INT-20;Ciblage de personnes surendettées;interdit;Un organisme cible les personnes surendettées avec des offres exploitant leur détresse. Le système s'appuie sur des profils vulnérables.;oui;non;Art.5(1)(b) (exploitation d'une vulnérabilité);Exploitation de la vulnérabilité liée à l'âge, au handicap ou à la situation socio-économique = interdit (Art.5(1)(b)).
TRN-INT-21;Score social inter-services;interdit;Une plateforme agrège des comportements sans lien pour attribuer un score conditionnant l'accès à des services. Le système s'appuie sur des comportements agrégés.;oui;non;Art.5(1)(c)(i) (notation sociale - contextes sans lien);Notation sociale dans des contextes sans lien avec la collecte = interdit (Art.5(1)(c)(i)).
TRN-INT-22;Analyse émotionnelle des téléconseillers;interdit;Un centre d'appels mesure en continu l'état émotionnel des téléconseillers. Le système s'appuie sur les flux vidéo et audio des postes.;oui;oui;Art.5(1)(f) (reconnaissance des émotions au travail/à l'école);Reconnaissance des émotions sur le lieu de travail ou dans l'enseignement = interdit (Art.5(1)(f)), sauf raisons médicales/sécurité.
TRN-INT-23;Catégorisation religieuse par le visage;interdit;Un annonceur infère les convictions religieuses à partir d'images faciales. Le système s'appuie sur les images faciales captées.;oui;oui;Art.5(1)(g) (catégorisation biométrique de caractéristiques sensibles);Catégorisation biométrique déduisant des caractéristiques protégées (origine, opinions, orientation…) = interdit (Art.5(1)(g)).
TRN-INT-24;Reconnaissance faciale temps réel dans les transports;haut_risque;Un opérateur identifie en temps réel les voyageurs dans l'espace public à des fins de sécurité. Le système s'appuie sur un flux de vidéosurveillance publique.;oui;oui;Art.6(2) + Annexe III §1(a) (identification biométrique à distance);Identification biométrique à distance en temps réel par un OPÉRATEUR PRIVÉ à des fins de sécurité (non répressives). L'Art.5(1)(h) ne s'applique PAS : il est réservé aux fins répressives / de maintien de l'ordre (law enforcement, Art.3(46)). Relève donc de l'Annexe III §1(a) (systèmes d'identification biométrique à distance, hors vérification 1:1) = haut_risque. Zone grise = frontière 5(1)(h) répressif vs Annexe III privé.
TRN-LIM-01;Chatbot SAV e-commerce;limite;Un site déploie un chatbot qui répond aux questions des clients sur les commandes et les produits. Le système s'appuie sur les messages des utilisateurs.;oui;non;Art.50(1) (information : interaction avec une IA);Système qui interagit avec des personnes ? obligation d'informer qu'il s'agit d'une IA (Art.50(1)). Pas d'usage Annexe III ? risque limité.
TRN-LIM-02;Génération de descriptions produits;limite;Un site génère automatiquement les descriptions de ses produits à partir de son catalogue. Le système s'appuie sur le catalogue et des prompts.;non;non;Art.50(2) (marquage des contenus générés par IA);"Système génératif produisant du texte -> une obligation de transparence Art.50(2) (marquage du contenu comme artificiel) s'attache à la sortie du système = risque limité. Nuance (zone grise) : 50(2) pèse sur le FOURNISSEUR du modèle ; le DÉPLOYEUR seul n'a d'obligation 50(4) que pour un texte d'INTÉRÊT PUBLIC — ici descriptions produits commerciales, hors champ 50(4). Pas d'usage Annexe III. Frontière limité/minimal assumée."
TRN-LIM-03;Voix de synthèse imitant une personne réelle;limite;Une agence produit des voix de synthèse imitant une personne réelle pour des vidéos marketing. Le système s'appuie sur des voix et vidéos sources.;oui;non;Art.50(4) (signalement des hypertrucages / deepfakes);Contenu audio/vidéo de synthèse imitant une personne = hypertrucage (deepfake) -> le déployeur doit signaler le contenu comme artificiellement généré/manipulé (Art.50(4), 1er al.) = risque limité. Zone grise : l'imitation d'une personne réelle tente un label plus haut, mais le niveau AI Act reste limité. Points de vigilance HORS taxonomie AI Act (à signaler, pas à requalifier) : RGPD, droit à l'image et à la voix, consentement.
TRN-LIM-04;Assistant vocal d'accueil téléphonique;limite;Une entreprise met un assistant vocal IA en première ligne de son accueil téléphonique. Le système s'appuie sur les messages des utilisateurs.;oui;non;Art.50(1) (information : interaction avec une IA);Système qui interagit avec des personnes ? obligation d'informer qu'il s'agit d'une IA (Art.50(1)). Pas d'usage Annexe III ? risque limité.
TRN-LIM-05;Rédaction automatique d'articles de blog;limite;Un média génère des brouillons d'articles à partir de consignes. Le système s'appuie sur le catalogue et les prompts.;non;non;Art.50(2) (marquage des contenus générés par IA);"Système génératif de texte -> transparence Art.50(2) sur la sortie = risque limité. Spécificité MÉDIA (distingue ce cas de #99 commercial) : le texte relèverait de l'Art.50(4) al.3 (déployeur signale un texte publié pour informer le public sur des questions d'intérêt public). MAIS 'brouillons' -> revue éditoriale avec responsabilité humaine -> exception 50(4) al.3 applicable -> pas d'obligation de signalement pour le déployeur ; résiduel = marquage 50(2) (fournisseur). Pas d'usage Annexe III -> limité."
TRN-LIM-06;Avatar vidéo synthétique de présentateur;limite;Une chaîne produit un présentateur virtuel deepfake pour ses contenus. Le système s'appuie sur des voix et vidéos sources.;oui;non;Art.50(4) (signalement des hypertrucages / deepfakes);"Contenu vidéo de synthèse représentant un présentateur = hypertrucage au sens de l'Art.3(60) ('contenu généré ou manipulé qui ressemble à des personnes existantes et pourrait être pris pour authentique') -> le déployeur doit signaler le contenu comme artificiellement généré/manipulé (Art.50(4), 1er al.) = risque limité. perso=oui car ressemblance à une personne réelle identifiable (fondement de la qualification 3(60)). Zone grise : l'imitation d'une personne réelle tente un label plus haut ; le niveau AI Act reste limité."
TRN-LIM-07;Chatbot RH interne;limite;Une PME propose un chatbot interne répondant aux questions des salariés sur la paie et les congés. L'analyse repose sur les messages des utilisateurs.;oui;non;Art.50(1) (information : interaction avec une IA);Système qui interagit avec des personnes -> obligation d'informer qu'il s'agit d'une IA (Art.50(1)) = risque limité. Zone grise : le secteur RH tente un classement haut risque via l'Annexe III §4 (emploi), mais le §4 vise le recrutement/la sélection, les décisions sur les conditions de travail, la promotion, la résiliation, l'attribution des tâches, ou la surveillance et l'évaluation des performances. Ici le chatbot se borne à INFORMER (paie, congés) : aucune décision RH, aucune évaluation, aucune surveillance -> §4 écarté. Le secteur ne fait pas le risque, l'usage le fait.
TRN-LIM-08;Génération d'images marketing;limite;Une agence génère des visuels marketing par IA à partir de briefs. L'analyse repose sur le catalogue et les prompts.;non;non;Art.50(2) (marquage des contenus générés par IA);"Système génératif produisant des images -> une obligation de transparence Art.50(2) (marquage du contenu comme artificiel) s'attache à la sortie du système = risque limité. Nuances (zone grise) : (1) le 50(2) pèse sur le FOURNISSEUR du système, pas sur l'agence déployeuse ; (2) le 50(4) est écarté — pas d'hypertrucage au sens de l'Art.3(60) (les visuels ne ressemblent pas à des personnes existantes, cf. perso=non) et pas de texte d'intérêt public. Pour un déployeur pur, frontière limité/minimal assumée. Pas d'usage Annexe III."
TRN-LIM-09;Doublage synthétique d'une célébrité;limite;Un studio génère la voix synthétique d'une célébrité qui a cédé les droits sur sa voix par contrat, pour une publicité. L'analyse repose sur des voix et vidéos sources fournies sous licence.;oui;non;Art.50(4) (signalement des hypertrucages / deepfakes);"Contenu audio de synthèse ressemblant à une personne existante = hypertrucage (Art.3(60)) -> le déployeur doit signaler le contenu comme artificiellement généré/manipulé (Art.50(4), 1er al.) = risque limité. POINT CLÉ : la cession de droits par la célébrité n'exonère PAS de l'Art.50(4). L'obligation vise à informer le PUBLIC que le contenu est artificiel ; elle ne dépend pas du consentement de la personne imitée (le consentement règle les droits de la personnalité, pas la transparence due à l'audience). Zone grise : le contrat de licence tente une conclusion 'tout est réglé donc minimal' ; le niveau AI Act reste limité."
TRN-LIM-10;Agent conversationnel bancaire;limite;Une banque déploie un agent conversationnel pour renseigner ses clients. Le système s'appuie sur les messages des utilisateurs.;oui;non;Art.50(1) (information : interaction avec une IA);Système qui interagit avec des personnes -> obligation d'informer qu'il s'agit d'une IA (Art.50(1)) = risque limité. Zone grise : le secteur bancaire tente un classement haut risque via l'Annexe III §5(b) (évaluation de la solvabilité ou établissement d'un score de crédit des personnes physiques). Or l'agent se borne à RENSEIGNER : aucune évaluation de solvabilité, aucun score, aucune décision d'octroi -> §5(b) écarté. Le secteur ne fait pas le risque, l'usage le fait.
TRN-LIM-11;Résumés automatiques de réunions;limite;Une entreprise génère automatiquement des comptes rendus de réunions. Le système s'appuie sur les enregistrements et transcriptions des réunions.;oui;non;Art.50(2) (marquage des contenus générés par IA);Système génératif produisant du texte -> obligation de transparence Art.50(2) (marquage du contenu comme artificiel) = risque limité. perso=oui : un compte rendu de réunion contient des personnes identifiables et leurs propos (qui a dit quoi) = données personnelles. Le 50(4) al.3 est écarté (compte rendu interne, pas un texte publié pour informer le public sur des questions d'intérêt public). Pas d'usage Annexe III.
TRN-LIM-12;Vidéo promotionnelle avec visage synthétique;limite;Une marque diffuse une vidéo mettant en scène le visage d'un acteur réel, recréé par IA. Le système s'appuie sur des voix et vidéos sources de cet acteur.;oui;non;Art.50(4) (signalement des hypertrucages / deepfakes);Contenu vidéo recréant le visage d'une personne EXISTANTE = hypertrucage au sens de l'Art.3(60) ('ressemble à des personnes existantes et pourrait être pris pour authentique') -> le déployeur doit signaler le contenu comme artificiellement généré/manipulé (Art.50(4), 1er al.) = risque limité. perso=oui (personne réelle identifiable). DISTINCTION CLÉ : un visage entièrement SYNTHÉTIQUE (personne inexistante) ne serait PAS un hypertrucage au sens 3(60) et relèverait du seul marquage 50(2), avec perso=non. C'est la ressemblance à une personne existante qui déclenche le 50(4).
TRN-LIM-13;Chatbot d'information touristique;limite;Un office de tourisme propose un chatbot d'information aux visiteurs. Le système s'appuie sur les messages des utilisateurs.;oui;non;Art.50(1) (information : interaction avec une IA);Système qui interagit avec des personnes ? obligation d'informer qu'il s'agit d'une IA (Art.50(1)). Pas d'usage Annexe III ? risque limité.
TRN-LIM-14;Génération de posts pour les réseaux;limite;Une marque génère automatiquement ses publications sociales. Le système s'appuie sur le catalogue et les prompts.;non;non;Art.50(2) (marquage des contenus générés par IA);Système génératif produisant du texte -> transparence Art.50(2) (marquage du contenu comme artificiel) = risque limité. Le 50(4) al.3 est écarté : publications commerciales d'une marque, pas un texte publié pour informer le public sur des questions d'intérêt public. perso=non (contenu portant sur les produits). Frontière limité/minimal assumée pour un déployeur pur (le 50(2) pèse sur le fournisseur du système). Pas d'usage Annexe III.
TRN-LIM-15;Influenceur virtuel de marque;limite;Une marque anime un influenceur virtuel entièrement généré par IA. Le système s'appuie sur des voix et vidéos sources.;non;non;Art.50(2) (marquage des contenus générés par IA);"Personnage entièrement synthétique : il ne représente AUCUNE personne existante -> l'hypertrucage de l'Art.3(60) ('contenu qui ressemble à des personnes existantes') n'est PAS constitué -> le 50(4) est écarté. Reste le marquage du contenu synthétique (Art.50(2)) = risque limité. perso=non : aucune personne physique identifiable. ZONE GRISE ASSUMÉE (controverse d'interprétation) : une lecture large du 3(60) invoque sa fin de phrase ('pourrait être pris pour authentique') pour soutenir qu'un influenceur photoréaliste, cru humain par le public, relèverait du 50(4) ; la lecture stricte retenue ici exige la ressemblance à une personne PRÉCISE. Point de vigilance hors AI Act : pratiques commerciales trompeuses si le public croit à une personne réelle."
TRN-LIM-16;Assistant de prise de rendez-vous médical;limite;Un cabinet propose un assistant conversationnel pour prendre les rendez-vous. L'analyse repose sur les messages des utilisateurs.;oui;oui;Art.50(1) (information : interaction avec une IA);Système qui interagit avec des personnes -> obligation d'informer qu'il s'agit d'une IA (Art.50(1)) = risque limité. Zone grise : le secteur de la santé tente un classement haut risque via l'Annexe III §5(a) (systèmes utilisés par les autorités publiques pour évaluer l'accès aux services publics essentiels, dont les soins) et §5(d) (triage des patients / répartition des secours d'urgence). Or il s'agit d'un cabinet privé et d'une simple prise de rendez-vous : ni évaluation d'éligibilité par une autorité publique, ni triage médical -> §5(a) et §5(d) écartés. sensibles=oui : la prise de rendez-vous médical révèle en elle-même une information relative à la santé (donnée de l'art. 9 RGPD, entendu largement - le seul fait de consulter, a fortiori un spécialiste, est révélateur).
TRN-LIM-17;Génération de fiches techniques;limite;Un fabricant génère automatiquement les fiches techniques de ses produits. L'analyse repose sur le catalogue et les prompts.;non;non;Art.50(2) (marquage des contenus générés par IA);Système génératif produisant du texte -> transparence Art.50(2) (marquage du contenu comme artificiel) = risque limité. Le 50(4) al.3 est écarté : documentation produit commerciale, pas un texte publié pour informer le public sur des questions d'intérêt public. perso=non. Frontière limité/minimal assumée pour un déployeur pur (le 50(2) pèse sur le fournisseur du système). Pas d'usage Annexe III.
TRN-LIM-18;Doublage par voix clonée;limite;Un studio double un film avec la voix clonée d'un acteur. L'analyse repose sur des voix et vidéos sources.;oui;non;Art.50(4) (signalement des deepfakes);Voix clonée d'un acteur réel = contenu audio ressemblant à une personne EXISTANTE -> hypertrucage au sens de l'Art.3(60) -> obligation de signalement du déployeur (Art.50(4), 1er al.) = risque limité. perso=oui (personne réelle identifiable). SPÉCIFICITÉ DE CE CAS : un film est une oeuvre manifestement artistique/créative/fictionnelle -> l'Art.50(4) al.2 ATTÉNUE l'obligation : le signalement se limite à révéler l'existence du contenu généré ou manipulé 'd'une manière appropriée qui n'entrave pas l'exploitation ou la jouissance de l'oeuvre'. L'obligation n'est donc pas supprimée, elle est aménagée. Point de vigilance hors AI Act : droits de la personnalité de l'acteur, contrat et rémunération.
TRN-LIM-19;Chatbot d'assurance;limite;Un assureur déploie un chatbot répondant aux questions de ses assurés. L'analyse repose sur les messages des utilisateurs.;oui;non;Art.50(1) (information : interaction avec une IA);Système qui interagit avec des personnes -> obligation d'informer qu'il s'agit d'une IA (Art.50(1)) = risque limité. Zone grise : le secteur de l'assurance tente un classement haut risque via l'Annexe III §5(c) (systèmes destinés à l'évaluation des risques et à la tarification en assurance vie et santé). Or le chatbot se borne à RÉPONDRE aux questions des assurés : aucune évaluation de risque, aucune tarification, aucune décision de couverture -> §5(c) écarté. Le secteur ne fait pas le risque, l'usage le fait.
TRN-LIM-20;Génération d'emails marketing;limite;Une marque génère automatiquement ses emails marketing. Le système s'appuie sur des consignes et les données clients.;oui;non;Art.50(2) (marquage des contenus générés);Système génératif produisant du texte -> transparence Art.50(2) (marquage du contenu comme artificiel) = risque limité. Le 50(4) al.3 est écarté : contenu commercial, pas un texte publié pour informer le public sur des questions d'intérêt public. perso=oui : l'email est adressé nominativement et personnalisé à partir des données clients (à la différence d'un post social générique, cf. #111 perso=non). Frontière limité/minimal assumée pour un déployeur pur. Pas d'usage Annexe III.
TRN-LIM-21;Porte-parole synthétique d'entreprise;limite;Une entreprise diffuse des messages via un porte-parole vidéo recréant par IA le visage et la voix de son dirigeant. Le système s'appuie sur des voix et vidéos sources du dirigeant.;oui;non;Art.50(4) (signalement des deepfakes);Vidéo recréant le visage et la voix d'une personne EXISTANTE (le dirigeant) = hypertrucage au sens de l'Art.3(60) ('ressemble à des personnes existantes et pourrait être pris pour authentique') -> le déployeur doit signaler le contenu comme artificiellement généré/manipulé (Art.50(4), 1er al.) = risque limité. perso=oui (personne réelle identifiable). L'atténuation du 50(4) al.2 (oeuvre artistique/créative/fictionnelle) NE s'applique PAS ici : une communication d'entreprise n'est pas une oeuvre - à la différence du doublage de film (#115). Pas d'usage Annexe III.
TRN-LIM-22;Chatbot opérateur télécom;limite;Un opérateur propose un chatbot pour renseigner ses abonnés. Le système s'appuie sur les messages des utilisateurs.;oui;non;Art.50(1) (information : interaction avec une IA);Interaction avec des personnes ? informer qu'il s'agit d'une IA (Art.50(1)). Pas d'usage Annexe III ? limité.
TRN-LIM-23;Génération de sous-titres;minimal;Un média génère automatiquement les sous-titres de ses vidéos. Le système s'appuie sur les consignes et données fournies.;non;non;Risque minimal (a contrario) : exception Art.50(2) (fonction d'assistance / pas d'altération substantielle);Le sous-titrage automatique TRANSCRIT ce qui est dit : il ne crée pas de contenu nouveau et ne modifie ni les données d'entrée ni leur sémantique. L'Art.50(2) prévoit expressément que l'obligation de marquage ne s'applique pas 'dans la mesure où les systèmes d'IA remplissent une fonction d'assistance pour la mise en forme standard ou ne modifient pas de manière substantielle les données d'entrée ou leur sémantique' -> exception applicable -> AUCUNE obligation de marquage. Hors Art.5, hors Art.6/Annexes III-I, hors Art.50 par l'effet de l'exception -> risque minimal (a contrario, cons. 165 / Art.95). Enseignement : toute sortie générative ne déclenche pas le 50(2).
TRN-LIM-24;Publicité avec échange de visage;limite;Une agence produit une publicité par échange de visage (face-swap). Le système s'appuie sur des voix et vidéos sources.;oui;non;Art.50(4) (signalement des deepfakes);Publicité produite par échange de visage (face-swap) : le procédé porte par construction sur le visage d'une personne EXISTANTE -> hypertrucage au sens de l'Art.3(60) -> le déployeur doit signaler le contenu comme artificiellement généré/manipulé (Art.50(4), 1er al.) = risque limité. perso=oui (personne réelle identifiable). L'atténuation du 50(4) al.2 ne s'applique pas : une publicité n'est pas une oeuvre manifestement artistique (cf. #115). Points de vigilance hors AI Act : droit à l'image, consentement.
TRN-MIN-01;Filtre anti-spam;minimal;Un outil filtre les emails indésirables sans impact décisionnel sur des personnes. Le système s'appuie sur des données techniques.;oui;non;Risque minimal (a contrario) : hors Art.5, hors Art.6/Annexes III-I, hors Art.50 (cons. 165 / Art.95).;Aucun usage interdit/haut risque/transparence ? catégorie résiduelle (a contrario). Appui : considérant 165 / Art.95.
TRN-MIN-02;Maintenance prédictive (sans danger);minimal;Un système prédit l'usure des pièces pour planifier la maintenance, sans mise en danger. L'analyse repose sur les données des capteurs.;non;non;Hors Annexe I : PAS un composant de sécurité (Art.6(1) a contrario, déf. Omnibus). Reste minimal.;Optimisation/efficacité/confort sans mise en danger ? pas un composant de sécurité (déf. Omnibus). Aucun usage Annexe III ? minimal.
TRN-MIN-03;Jouet connecté auto-certifié (contre-exemple Art.6(1)(b));minimal;"Un fabricant intègre à un jouet une fonction coupant l'appareil en cas de surchauffe ; le jouet est auto-certifié selon les normes harmonisées, sans organisme notifié. Le système s'appuie sur les capteurs du jouet.";non;non;Produit de l'Annexe I (point 2, Jouets 2009/48) MAIS Art.6(1)(b) NON rempli (auto-certification) ? pas haut risque.;Art.6(1) exige DEUX conditions cumulatives : (a) composant de sécurité d'un produit de l'Annexe I ET (b) évaluation de conformité PAR UN TIERS. Un jouet conforme aux normes harmonisées est auto-certifié ? (b) non rempli ? PAS haut risque. Piège classique.
TRN-MIN-04;Optimisation du confort d'une machine;minimal;Un outil ajuste des paramètres de confort d'une machine, sans fonction de sécurité. Le système s'appuie sur les données des capteurs.;non;non;Hors Annexe I : PAS un composant de sécurité (Art.6(1) a contrario, déf. Omnibus). Reste minimal.;Optimisation/efficacité/confort sans mise en danger ? pas un composant de sécurité (déf. Omnibus). Aucun usage Annexe III ? minimal.
TRN-MIN-05;Optimisation des tournées de livraison;minimal;Un transporteur optimise ses itinéraires de livraison selon le trafic. L'analyse repose sur des données techniques.;non;non;Risque minimal (a contrario) : hors Art.5, hors Art.6/Annexes III-I, hors Art.50 (cons. 165 / Art.95).;Aucun usage interdit/haut risque/transparence ? catégorie résiduelle (a contrario). Appui : considérant 165 / Art.95.
TRN-MIN-06;Prévision des stocks;minimal;Un magasin prévoit ses besoins de réapprovisionnement à partir des ventes passées. Le système s'appuie sur des données techniques.;non;non;Risque minimal (a contrario) : hors Art.5, hors Art.6/Annexes III-I, hors Art.50 (cons. 165 / Art.95).;Aucun usage interdit/haut risque/transparence ? catégorie résiduelle (a contrario). Appui : considérant 165 / Art.95.
TRN-MIN-07;Correcteur orthographique;minimal;Un logiciel corrige automatiquement l'orthographe des documents internes. Le système s'appuie sur des données techniques.;non;non;Risque minimal (a contrario) : hors Art.5, hors Art.6/Annexes III-I, hors Art.50 (cons. 165 / Art.95).;Aucun usage interdit/haut risque/transparence ? catégorie résiduelle (a contrario). Appui : considérant 165 / Art.95.
TRN-MIN-08;Tri automatique de photos par thème;minimal;Une application classe les photos par thème pour l'utilisateur. L'analyse repose sur des données techniques.;oui;non;Risque minimal (a contrario) : hors Art.5, hors Art.6/Annexes III-I, hors Art.50 (cons. 165 / Art.95).;Classement d'images par thème pour l'usage privé de l'utilisateur : aucun usage interdit (Art.5), aucun usage des Annexes III/I, aucune obligation de transparence (Art.50) -> catégorie résiduelle = risque minimal (a contrario, cons. 165 / Art.95). perso=oui (des photos représentent des personnes identifiables). DISTINCTION CLÉ : le tri se fait PAR THÈME (paysage, alimentation...). Un tri PAR VISAGE (regroupement des photos d'une même personne) serait une catégorisation biométrique relevant de l'Annexe III §1(b) — donc haut risque, et non minimal. C'est le critère de tri qui fait le régime, pas l'application.
TRN-MIN-09;Recommandation de contenus internes;minimal;Un intranet suggère des articles internes selon les lectures. Il exploite des données techniques.;oui;non;Risque minimal (a contrario) : hors Art.5, hors Art.6/Annexes III-I, hors Art.50 (cons. 165 / Art.95).;Recommandation de contenus internes : aucun usage interdit (Art.5), aucun usage des Annexes III/I (la recommandation de contenu n'y figure pas), aucune obligation de transparence (Art.50) -> catégorie résiduelle = risque minimal (a contrario, cons. 165 / Art.95). perso=oui : recommander 'selon les lectures' suppose de tracer ce que chaque salarié consulte = historique nominatif, donc profilage sur données personnelles. Point de vigilance hors AI Act : RGPD (base légale, information des salariés) - signalé, sans requalifier.
TRN-MIN-10;Détection d'anomalies sur des machines (confort);minimal;Un outil signale des anomalies mineures de fonctionnement sans enjeu de sécurité. Le système s'appuie sur des données techniques.;non;non;Risque minimal (a contrario) : hors Art.5, hors Art.6/Annexes III-I, hors Art.50 (cons. 165 / Art.95).;Aucun usage interdit/haut risque/transparence ? catégorie résiduelle (a contrario). Appui : considérant 165 / Art.95.
TRN-MIN-11;Optimisation de la consommation d'énergie d'un bâtiment;minimal;Un système optimise le chauffage d'un bâtiment pour réduire les coûts. L'analyse repose sur des données techniques.;non;non;Risque minimal (a contrario) : hors Art.5, hors Art.6/Annexes III-I, hors Art.50 (cons. 165 / Art.95).;Aucun usage interdit/haut risque/transparence ? catégorie résiduelle (a contrario). Appui : considérant 165 / Art.95.
TRN-MIN-12;Reconnaissance de plaques pour un parking privé;minimal;Un parking lit les plaques d'immatriculation pour ouvrir la barrière aux abonnés. Le système s'appuie sur des données techniques.;oui;non;Risque minimal (a contrario) : hors Art.5, hors Art.6/Annexes III-I, hors Art.50 (cons. 165 / Art.95).;Lecture automatisée de plaques d'immatriculation pour un contrôle d'accès privé : aucun usage interdit (Art.5), aucune obligation de transparence (Art.50) -> risque minimal (a contrario, cons. 165 / Art.95). DISTINCTION CLÉ (zone grise) : le cas RESSEMBLE à de l'identification biométrique à distance (Annexe III §1(a) = haut risque) car il identifie automatiquement pour donner un accès. Mais une plaque d'immatriculation N'EST PAS une donnée biométrique : le biométrique suppose une caractéristique physique, physiologique ou comportementale d'une personne physique (Art.3(34)). Une plaque est un attribut du VÉHICULE -> Annexe III §1 écarté -> minimal. Identifier n'est pas identifier BIOMÉTRIQUEMENT. perso=oui : la plaque permet de remonter au titulaire = donnée personnelle (RGPD). Vigilance hors AI Act : RGPD (base légale, durée de conservation).
TRN-MIN-13;Catégorisation automatique de tickets support;minimal;Un outil range les tickets d'assistance par catégorie. Le système s'appuie sur des données techniques.;oui;non;Risque minimal (a contrario) : hors Art.5, hors Art.6/Annexes III-I, hors Art.50 (cons. 165 / Art.95).;Classement de tickets d'assistance par catégorie : aucun usage interdit (Art.5), aucun usage des Annexes III/I, aucune obligation de transparence (Art.50) -> catégorie résiduelle = risque minimal (a contrario, cons. 165 / Art.95). perso=oui : un ticket d'assistance contient le nom, le compte et le problème d'un client identifiable = données personnelles. Il ne s'agit toutefois PAS de profilage (le classement porte sur le SUJET du ticket, pas sur la personne) — à la différence de #130 (recommandation selon l'historique de lecture nominatif).
TRN-MIN-14;Déduplication de fichiers;minimal;Un outil détecte et supprime les fichiers en double dans un stockage interne. Le système s'appuie sur des données techniques.;non;non;Risque minimal (a contrario) : hors Art.5, hors Art.6/Annexes III-I, hors Art.50 (cons. 165 / Art.95).;Aucun usage interdit/haut risque/transparence ? catégorie résiduelle (a contrario).
TRN-MIN-15;Compression intelligente d'images;minimal;Une application compresse les images sans perte perceptible. L'analyse repose sur des données techniques.;non;non;Risque minimal (a contrario) : hors Art.5, hors Art.6/Annexes III-I, hors Art.50 (cons. 165 / Art.95).;Aucun usage interdit/haut risque/transparence ? catégorie résiduelle (a contrario).
TRN-MIN-16;Auto-étiquetage de documents internes;minimal;Un outil range automatiquement les documents internes par étiquette. Le système s'appuie sur des données techniques.;non;non;Risque minimal (a contrario) : hors Art.5, hors Art.6/Annexes III-I, hors Art.50 (cons. 165 / Art.95).;Aucun usage interdit/haut risque/transparence ? catégorie résiduelle (a contrario).
TRN-MIN-17;Optimisation d'agenda interne;minimal;Un assistant optimise le placement des réunions dans un agenda. Le système s'appuie sur des données techniques.;oui;non;Risque minimal (a contrario) : hors Art.5, hors Art.6/Annexes III-I, hors Art.50 (cons. 165 / Art.95).;Optimisation du placement de réunions dans un agenda : aucun usage interdit (Art.5), aucune obligation de transparence (Art.50) -> risque minimal (a contrario, cons. 165 / Art.95). perso=oui : l'outil traite les agendas et disponibilités de salariés nommés = données personnelles. Annexe III §4(b) ÉCARTÉ : le §4(b) vise les systèmes qui décident des conditions de travail, de la promotion ou de la résiliation, qui ATTRIBUENT DES TÂCHES sur la base du comportement ou de traits personnels, ou qui surveillent et évaluent les performances. Placer des réunions est de la LOGISTIQUE de créneaux : aucune attribution de tâche fondée sur le comportement ou les traits, aucune évaluation -> minimal.
TRN-MIN-18;Prévision de fréquentation d'un magasin;minimal;Un outil prévoit la fréquentation pour ajuster les plannings, sans décision sur des personnes. L'analyse repose sur des données techniques.;non;non;Risque minimal (a contrario) : hors Art.5, hors Art.6/Annexes III-I, hors Art.50 (cons. 165 / Art.95).;Aucun usage interdit/haut risque/transparence ? catégorie résiduelle (a contrario).
TRN-MIN-19;Réduction de bruit audio;minimal;Un logiciel réduit le bruit de fond d'enregistrements. Le système s'appuie sur des données techniques.;non;non;Risque minimal (a contrario) : hors Art.5, hors Art.6/Annexes III-I, hors Art.50 (cons. 165 / Art.95).;Aucun usage interdit/haut risque/transparence ? catégorie résiduelle (a contrario).
TRN-MIN-20;Autocomplétion de saisie;minimal;Un outil propose l'autocomplétion lors de la saisie de texte. Le système s'appuie sur des données techniques.;non;non;Risque minimal (a contrario) : hors Art.5, hors Art.6/Annexes III-I, hors Art.50 (cons. 165 / Art.95).;Aucun usage interdit/haut risque/transparence ? catégorie résiduelle (a contrario).
TRN-HC-01;Base de données clients (requêtes SQL);hors_champ;Une PME stocke et interroge ses fiches clients via une base relationnelle classique, sans apprentissage. L'analyse repose sur des données structurées.;oui;non;"Hors champ AI Act : ne répond pas à la définition de système d'IA (Art.3(1)) ; cf. Art.2. RGPD applicable.";"Logiciel classique déterministe ? système d'IA (Art.3(1)). Hors champ AI Act ; le RGPD reste applicable. Test anti faux positif."
TRN-HC-02;Calcul de paie par barème fixe;hors_champ;Un logiciel calcule les paies en appliquant des barèmes et règles fixes, sans IA. Le système s'appuie sur des données structurées.;oui;non;"Hors champ AI Act : ne répond pas à la définition de système d'IA (Art.3(1)) ; cf. Art.2. RGPD applicable.";"Logiciel classique déterministe ? système d'IA (Art.3(1)). Hors champ AI Act ; le RGPD reste applicable. Test anti faux positif."
TRN-HC-03;Tableur de suivi budgétaire;hors_champ;Une entreprise suit son budget via des formules de tableur déterministes. Le système s'appuie sur des données structurées.;non;non;"Hors champ AI Act : ne répond pas à la définition de système d'IA (Art.3(1)) ; cf. Art.2. RGPD applicable.";"Formules de tableur déterministes : exécution de règles définies par des personnes physiques, sans inférence -> ne répond pas à la définition de système d'IA (Art.3(1) ; cf. cons. 12) -> hors champ AI Act (cf. Art.2). perso=non : le suivi budgétaire porte sur des montants et des postes de dépense, pas sur des personnes identifiables. Cas de test anti-faux-positif : le modèle ne doit pas classer comme IA un simple tableur."
TRN-HC-04;Moteur de règles métier déterministe;hors_champ;Un outil applique des règles métier fixes pour router des dossiers, sans apprentissage. L'analyse repose sur des données structurées.;oui;non;"Hors champ AI Act : ne répond pas à la définition de système d'IA (Art.3(1)) ; cf. Art.2. RGPD applicable.";"Logiciel classique déterministe ? système d'IA (Art.3(1)). Hors champ AI Act ; le RGPD reste applicable. Test anti faux positif."
TRN-HC-05;Générateur de factures;hors_champ;Un logiciel édite des factures à partir de gabarits et de règles fixes. Le système s'appuie sur des données structurées.;oui;non;"Hors champ AI Act : ne répond pas à la définition de système d'IA (Art.3(1)) ; cf. Art.2. RGPD applicable.";"Logiciel classique déterministe ? système d'IA (Art.3(1)). Hors champ AI Act ; le RGPD reste applicable. Test anti faux positif."
TRN-HC-06;Planificateur par contraintes fixes;hors_champ;Un outil planifie des tournées via un algorithme de contraintes déterministe. Le système s'appuie sur des données structurées.;oui;non;"Hors champ AI Act : ne répond pas à la définition de système d'IA (Art.3(1)) ; cf. Art.2. RGPD applicable.";Classé hors champ : les contraintes sont posées par des personnes physiques et le système exécute une procédure de résolution -> lecture retenue = 'système fondé sur des règles définies uniquement par des personnes physiques pour exécuter automatiquement des opérations', exclu par le cons. 12 -> hors définition Art.3(1) (cf. Art.2). ZONE GRISE ASSUMÉE - C'EST LA FRONTIÈRE LA PLUS DISCUTABLE DU DATASET. Le critère de l'Art.3(1) n'est PAS le déterminisme, c'est l'INFÉRENCE. Or le cons. 12 range parmi les techniques d'inférence 'les approches fondées sur la logique et les connaissances, qui infèrent à partir de connaissances encodées ou d'une représentation symbolique de la tâche à résoudre'. Un solveur de contraintes en relève : l'humain pose les contraintes, mais la SOLUTION n'est pas définie par lui - le système la cherche dans un espace de solutions. Historiquement, les 'méthodes de recherche et d'optimisation' figuraient à l'Annexe I du projet de 2021 (annexe supprimée, remplacée par la définition + cons. 12). Les deux lectures se défendent : à trancher par un juriste pour une version produit. ENSEIGNEMENT DU CAS : déterministe != hors champ.
TRN-HC-07;Système d'alerte par seuils fixes;hors_champ;Un capteur déclenche une alerte quand une valeur dépasse un seuil fixe programmé. L'analyse repose sur des données structurées.;non;non;"Hors champ AI Act : ne répond pas à la définition de système d'IA (Art.3(1)) ; cf. Art.2. RGPD applicable.";"Un capteur qui déclenche une alerte au franchissement d'un seuil fixe programmé exécute une règle définie par une personne physique, sans aucune inférence -> hors définition de système d'IA (Art.3(1) ; cons. 12) -> hors champ AI Act (cf. Art.2). perso=non : la mesure porte sur une valeur physique industrielle (température, pression...), aucune personne identifiable n'est concernée. Cas de test anti-faux-positif."
TRN-HC-08;Portail de réservation en ligne;hors_champ;Un site gère les réservations via des règles de disponibilité classiques. Il exploite des données structurées.;oui;non;"Hors champ AI Act : ne répond pas à la définition de système d'IA (Art.3(1)) ; cf. Art.2. RGPD applicable.";"Logiciel classique déterministe ? système d'IA (Art.3(1)). Hors champ AI Act ; le RGPD reste applicable. Test anti faux positif."
TRN-HC-09;Recherche par mots-clés dans une GED;hors_champ;Une GED retrouve des documents par correspondance exacte de mots-clés. Le système s'appuie sur des données structurées.;non;non;"Hors champ AI Act : ne répond pas à la définition de système d'IA (Art.3(1)) ; cf. Art.2. RGPD applicable.";"Recherche par correspondance EXACTE de mots-clés : appariement de chaînes selon une règle définie par une personne physique, sans inférence -> hors définition de système d'IA (Art.3(1) ; cons. 12) -> hors champ AI Act. perso=non : la GED indexe des documents internes génériques, qui n'ont pas pour objet une personne identifiable. DISTINCTION UTILE : une recherche SÉMANTIQUE (embeddings, similarité) infèrerait, elle, et relèverait de la définition de l'Art.3(1) — c'est la correspondance exacte qui maintient le hors champ."
TRN-HR-48;Analyse des émotions clients en centre d'appels;haut_risque;Un centre d'appels utilise un système qui analyse en temps réel les émotions dans la voix des clients afin d'adapter le discours commercial des téléconseillers. Le système s'appuie sur le flux audio des appels.;oui;non;Art.6(2) + Annexe III §1(c) (reconnaissance des émotions);Système de reconnaissance des émotions appliqué à des CLIENTS ? Annexe III §1(c) ? haut risque. Frontière : s'il visait les émotions des SALARIÉS (téléconseillers), il basculerait en INTERDIT (Art.5(1)(f), reconnaissance des émotions sur le lieu de travail).
TRN-INT-25;Déduction de l'origine ethnique par photo;interdit;Une plateforme déduit l'origine ethnique supposée des personnes à partir de leur photo de profil afin de segmenter son audience publicitaire. Le système s'appuie sur les photos de profil des utilisateurs.;oui;oui;Art.5(1)(g);Catégorisation biométrique visant à déduire l'origine raciale/ethnique = pratique INTERDITE par l'Art.5(1)(g), quel que soit le but poursuivi.
TRN-HR-49;Micro-ciblage politique lors d'un référendum;haut_risque;Un prestataire génère et diffuse des messages politiques ultra-ciblés destinés à influencer le choix des électeurs lors d'un référendum. Le système s'appuie sur les données de profil et d'opinion des électeurs.;oui;oui;Art.6(2) + Annexe III §8(b);Système destiné à influencer le comportement de vote lors d'un référendum ? Annexe III §8(b) ? haut risque. L'exclusion (outils purement logistiques) ne s'applique pas : les électeurs sont directement exposés à la sortie. Traite des opinions politiques = données sensibles art.9 RGPD.
TRN-HR-50;Profilage policier pour orienter les patrouilles;haut_risque;Un logiciel utilisé par la police aide à orienter le déploiement des patrouilles et appuie des enquêtes en cours, en profilant des zones et des personnes à partir de données d'enquête factuelles. Le système s'appuie sur les données d'enquête et les antécédents.;oui;oui;Art.6(2) + Annexe III §6(e);Profilage de personnes physiques dans le cadre de la détection/investigation par une autorité répressive ? Annexe III §6(e) ? haut risque. Frontière avec l'Art.5(1)(d) (INTERDIT) : si le système prédisait qu'un individu commettra une infraction sur le SEUL fondement du profilage, il serait interdit. Ici il s'appuie sur des données d'enquête factuelles ? reste haut risque. À faire valider par un juriste.
TRN-HR-51;Identification de personnes au poste frontière;haut_risque;Un système identifie et reconnaît des personnes à un poste frontière dans le cadre du contrôle migratoire. Le système s'appuie sur les données biométriques relevées au poste frontière.;oui;oui;Art.6(2) + Annexe III §7(d);Détection/reconnaissance/identification de personnes en contexte de contrôle migratoire (hors simple vérification des documents de voyage, expressément exclue) ? Annexe III §7(d) ? haut risque.
TRN-HR-52;Détermination du niveau scolaire d'un élève;haut_risque;Un outil détermine le niveau scolaire approprié d'un élève en début d'année afin de l'orienter vers le bon niveau. Le système s'appuie sur le dossier scolaire de l'élève.;oui;non;Art.6(2) + Annexe III §3(c);Détermination du niveau d'éducation approprié qu'un individu recevra ou pourra atteindre ? Annexe III §3(c) ? haut risque.
TRN-HR-53;Anti-collision d'un bateau de plaisance;haut_risque;Un système anti-collision équipe un bateau de plaisance et déclenche automatiquement des manœuvres d'évitement. Le système s'appuie sur les capteurs de navigation du bateau.;non;non;Art.6(1) + Annexe I point 3 (bateaux de plaisance, directive 2013/53/UE);Composant de sécurité d'un bateau de plaisance couvert par la directive 2013/53/UE (Annexe I point 3), soumis à évaluation de conformité par un tiers ? haut risque Art.6(1).
TRN-HR-54;Coupe-circuit de sécurité en atmosphère ATEX;haut_risque;Un système coupe automatiquement un équipement fonctionnant en atmosphère explosible dès qu'il détecte un risque d'étincelle. Le système s'appuie sur les capteurs de l'équipement.;non;non;Art.6(1) + Annexe I point 5 (équipements ATEX, directive 2014/34/UE);Fonction de sécurité d'un équipement ATEX (dir. 2014/34/UE, Annexe I point 5), soumis à évaluation de conformité par organisme notifié pour la plupart des catégories ? haut risque Art.6(1).
FR-INT-04;Détection des émotions des étudiants (université);interdit;Ce projet consiste à développer une interface web pour la détection des émotions en temps réel. L'objectif est de détecter les émotions des étudiants à l'université privée de Marrakech afin de connaître la performance de cette dernière, d'améliorer sa productivité et de gagner la satisfaction des étudiants. L'application extrait les caractéristiques des visages et détecte les émotions de plusieurs personnes, avec une précision visée supérieure à 70%.;oui;oui;Art.5(1)(f);"Reconnaissance des émotions dans un établissement d'enseignement = pratique interdite (Art.5(1)(f)) ; les exceptions médicales/sécurité ne s'appliquent pas (finalité = mesure de la performance/satisfaction)."
FR-HR-A3-07;Application RH intelligente (scoring recrutement/évaluation + reconnaissance faciale);haut_risque;Développement d'une application web de gestion des ressources humaines intelligente, intégrant des modules classiques (employés, congés, recrutement, évaluation) et des fonctionnalités avancées d'IA pour améliorer la prise de décision RH : scoring automatique, recommandations de carrière et reconnaissance faciale. Le projet vise à simplifier et automatiser la gestion RH tout en apportant de la valeur via l'IA (stack Spring Boot, Angular, MySQL, sécurité JWT).;oui;non;Art.6(2) + Annexe III §4 (emploi : recrutement, évaluation);Système d'IA de scoring pour le recrutement et l'évaluation des employés = haut risque au sens de l'Annexe III §4 (emploi). La fonction de reconnaissance faciale ajoute une dimension biométrique à surveiller.
FR-LIM-04;Plateforme d'agents IA pour les questions RH des employés;limite;Dans une entreprise, le DRH et les cadres reçoivent quotidiennement des demandes répétitives des employés (congés, fiches de paie, formations). Le projet propose une plateforme où chaque cadre dispose d'un agent IA capable de répondre aux questions des employés via texte (chat) et messages vocaux sur le Gmail du DRH. Objectifs : automatiser les réponses, stocker les interactions (PostgreSQL) et générer des tableaux de bord RH. Le système ne rend pas de décision individuelle sur les employés.;oui;non;Art.50.1;Interaction avec des personnes = obligation de transparence (Art.50.1). Pas de décision ni d'évaluation individuelle des employés ? hors Annexe III §4. Bascule en haut risque si les tableaux de bord servaient à évaluer individuellement les salariés.
FR-LIM-05;Agent IA conversationnel pour pharmacie (PharmaLiv / Kaily);limite;PharmaLiv est une solution basée sur un agent IA nommé « Kaily », destinée aux pharmacies pour automatiser la gestion des demandes clients : consulter les prix, vérifier la disponibilité des médicaments, passer commande et suivre la livraison via l'intégration avec YeLiv. Objectifs : offrir un service client 24h/24 et 7j/7, réduire le temps de traitement des demandes et simplifier le processus d'achat. Le système fournit des réponses personnalisées aux questions sur les médicaments.;oui;non;Art.50.1;Agent conversationnel interagissant avec des clients = obligation de transparence (Art.50.1). Aucune décision automatisée à effet juridique sur des personnes ? hors Annexe III. Risque limité.
FR-MIN-04;Détection de défauts en production (contrôle qualité bouteilles);minimal;Plateforme d'intelligence artificielle embarquée dédiée à la détection des défauts dans une chaîne de production de remplissage de bouteilles. Objectif : améliorer la qualité des produits, réduire les coûts liés aux défauts et optimiser l'efficacité du processus de production. Le système détecte les défauts (niveau de remplissage incorrect, présence de bulles, contaminations visibles, emballages mal formés) via un tableau de bord et des alertes en temps réel.;non;non;Hors Annexe III (contrôle qualité industriel, aucune personne concernée);Contrôle qualité industriel sur des produits (bouteilles), sans impact sur des personnes ? hors des domaines à haut risque de l'Annexe III. Risque minimal.
